<?xml version="1.0" encoding="UTF-8" ?>
<extension type="package" version="3.0">
<name>PKG_EGOI</name>
<author>E-goi</author>
<creationDate>October 2016</creationDate>
<copyright>(C) 2016 E-goi. All rights reserved.</copyright>
<license>GNU General Public License version 2 or later; see LICENSE.txt</license>
<packagename>egoi</packagename>
<version>1.0.0</version>
<url>https://www.e-goi.com/</url>
<packager>E-goi</packager>
<packagerurl>https://www.e-goi.com/</packagerurl>
<description>PKG_EGOI_DESCRIPTION</description>
<files folder="packages">
   <file type="component" id="egoi">com_egoi_component.zip</file>
   <file type="plugin" id="egoi" group="user">com_user_egoi_plugin.zip</file>
   <file type="plugin" id="egoi" group="content">com_content_egoi_plugin.zip</file>
   <file type="package" id="egoi" group="includes">com_egoi_file.zip</file>
   <file type="module" id="egoi">com_egoi_module.zip</file>
</files>
<languages folder="language">
	<language tag="en-GB">en-GB/en-GB.pkg_egoi.sys.ini</language>
	<language tag="en-US">en-US/en-US.pkg_egoi.sys.ini</language>
	<language tag="pt-PT">pt-PT/pt-PT.pkg_egoi.sys.ini</language>
	<language tag="pt-BR">pt-BR/pt-BR.pkg_egoi.sys.ini</language>
</languages>
</extension>
