<?xml version="1.0" encoding="utf-8"?>
<extension version="3.0" type="plugin" group="user" method="upgrade">
	<name>PLG_USER_EGOI</name>
	<author>E-goi</author>
	<creationDate>September 2016</creationDate>
	<copyright>(C) 2016 E-goi, All rights reserved.</copyright>
	<license>MIT License</license>
	<authorEmail>admin@e-goi.com</authorEmail>
	<authorUrl>https://www.e-goi.com</authorUrl>
	<version>1.0.1</version>
	<description>PLG_USER_EGOI_XML_DESCRIPTION</description>
	<scriptfile>script.php</scriptfile>
	<files>
		<filename plugin="egoi">egoi.php</filename>
		<filename>index.html</filename>
	</files>
	<languages folder="language">
		<language tag="en-GB">en-GB/en-GB.plg_user_egoi.ini</language>
		<language tag="en-GB">en-GB/en-GB.plg_user_egoi.sys.ini</language>
		<language tag="en-US">en-US/en-US.plg_user_egoi.ini</language>
		<language tag="en-US">en-US/en-US.plg_user_egoi.sys.ini</language>
		<language tag="pt-PT">pt-PT/pt-PT.plg_user_egoi.ini</language>
		<language tag="pt-PT">pt-PT/pt-PT.plg_user_egoi.sys.ini</language>
		<language tag="pt-BR">pt-BR/pt-BR.plg_user_egoi.ini</language>
		<language tag="pt-BR">pt-BR/pt-BR.plg_user_egoi.sys.ini</language>
	</languages>
</extension>
